{
    "heart_disease": {
        "best_model": "SVM",
        "features": [
            "age",
            "sex",
            "cp",
            "trestbps",
            "chol",
            "fbs",
            "restecg",
            "thalach",
            "exang",
            "oldpeak",
            "slope",
            "ca",
            "thal"
        ],
        "importances": [
            0.07931805710491857,
            0.02927442788565886,
            0.127627582203306,
            0.081153964128121,
            0.08199374215065257,
            0.009929128945763917,
            0.02140467990254127,
            0.12808032760331223,
            0.06392713500024652,
            0.1025334687360964,
            0.057598439182304166,
            0.09702495886313155,
            0.12013408829394703
        ],
        "models": {
            "SVM": {
                "Accuracy": 0.8524590163934426,
                "Precision": 0.8518518518518519,
                "Recall": 0.8214285714285714,
                "F1-Score": 0.8363636363636363,
                "ROC-AUC": 0.9069264069264069
            },
            "Logistic Regression": {
                "Accuracy": 0.8524590163934426,
                "Precision": 0.8518518518518519,
                "Recall": 0.8214285714285714,
                "F1-Score": 0.8363636363636363,
                "ROC-AUC": 0.9242424242424243
            },
            "Random Forest": {
                "Accuracy": 0.8524590163934426,
                "Precision": 0.9130434782608695,
                "Recall": 0.75,
                "F1-Score": 0.8235294117647058,
                "ROC-AUC": 0.9253246753246753
            },
            "XGBoost": {
                "Accuracy": 0.7868852459016393,
                "Precision": 0.8,
                "Recall": 0.7142857142857143,
                "F1-Score": 0.7547169811320755,
                "ROC-AUC": 0.8614718614718615
            }
        }
    },
    "diabetes": {
        "best_model": "Random Forest",
        "features": [
            "Pregnancies",
            "Glucose",
            "BloodPressure",
            "SkinThickness",
            "Insulin",
            "BMI",
            "DiabetesPedigreeFunction",
            "Age"
        ],
        "importances": [
            0.08445556590975238,
            0.27600905008826293,
            0.08560607356666586,
            0.06799742304476379,
            0.07240924554051632,
            0.15954406196062593,
            0.12673101497210537,
            0.12724756491730743
        ],
        "models": {
            "SVM": {
                "Accuracy": 0.7532467532467533,
                "Precision": 0.66,
                "Recall": 0.6111111111111112,
                "F1-Score": 0.6346153846153846,
                "ROC-AUC": 0.7924074074074074
            },
            "Logistic Regression": {
                "Accuracy": 0.7142857142857143,
                "Precision": 0.6086956521739131,
                "Recall": 0.5185185185185185,
                "F1-Score": 0.56,
                "ROC-AUC": 0.8229629629629629
            },
            "Random Forest": {
                "Accuracy": 0.7597402597402597,
                "Precision": 0.6808510638297872,
                "Recall": 0.5925925925925926,
                "F1-Score": 0.6336633663366337,
                "ROC-AUC": 0.8147222222222222
            },
            "XGBoost": {
                "Accuracy": 0.7337662337662337,
                "Precision": 0.6226415094339622,
                "Recall": 0.6111111111111112,
                "F1-Score": 0.616822429906542,
                "ROC-AUC": 0.8051851851851852
            }
        }
    },
    "breast_cancer": {
        "best_model": "SVM",
        "features": [
            "mean radius",
            "mean texture",
            "mean perimeter",
            "mean area",
            "mean smoothness",
            "mean compactness",
            "mean concavity",
            "mean concave points",
            "mean symmetry",
            "mean fractal dimension"
        ],
        "importances": [
            0.1268645558047804,
            0.05468542116567296,
            0.15025015525569596,
            0.1464912838667011,
            0.026690853709634515,
            0.054737867270896176,
            0.11226737959640905,
            0.295400144270211,
            0.017684237741210466,
            0.014928101318788441
        ],
        "models": {
            "SVM": {
                "Accuracy": 0.956140350877193,
                "Precision": 0.9743589743589743,
                "Recall": 0.9047619047619048,
                "F1-Score": 0.9382716049382716,
                "ROC-AUC": 0.9828042328042327
            },
            "Logistic Regression": {
                "Accuracy": 0.9298245614035088,
                "Precision": 0.8863636363636364,
                "Recall": 0.9285714285714286,
                "F1-Score": 0.9069767441860465,
                "ROC-AUC": 0.9841269841269841
            },
            "Random Forest": {
                "Accuracy": 0.9385964912280702,
                "Precision": 0.9069767441860465,
                "Recall": 0.9285714285714286,
                "F1-Score": 0.9176470588235294,
                "ROC-AUC": 0.9833002645502645
            },
            "XGBoost": {
                "Accuracy": 0.956140350877193,
                "Precision": 0.9512195121951219,
                "Recall": 0.9285714285714286,
                "F1-Score": 0.9397590361445783,
                "ROC-AUC": 0.9808201058201058
            }
        }
    }
}